[
  {
    "file_name": "benign_file_1.exe",
    "pe_header": {
      "TimeDateStamp": "-2091668763",
      "Magic": "MZ",
      "NumberOfSections": "1",
      "Machine": "Unknown"
    },
    "strings": [
      "EZsI",
      "3c<jh6E+",
      "eAH?N",
      "Ds\"i",
      "K/Cp",
      ".rdata",
      "=c3/:",
      "3'@.!",
      "{5'y",
      "This is a sample benign file.",
      "Microsoft Visual C++",
      "kernel32.dll",
      "user32.dll",
      "Random text string"
    ]
  },
  {
    "file_name": "benign_file_10.exe",
    "pe_header": {
      "TimeDateStamp": "1135790022",
      "Magic": "MZ",
      "NumberOfSections": "1",
      "Machine": "Unknown"
    },
    "strings": [
      "O=M|",
      "lhX.{Hx",
      "\".rdata",
      "<*T/8",
      "5Svi",
      "This is a sample benign file.",
      "Microsoft Visual C++",
      "kernel32.dll",
      "user32.dll",
      "Random text stringh"
    ]
  },
  {
    "file_name": "benign_file_2.exe",
    "pe_header": {
      "TimeDateStamp": "-415438153",
      "Magic": "MZ",
      "NumberOfSections": "1",
      "Machine": "Unknown"
    },
    "strings": [
      "~M:0",
      "R)qRd",
      "pg.rdata",
      "8K)~",
      "4N:7",
      "VM?`bThis is a sample benign file.",
      "Microsoft Visual C++",
      "kernel32.dll",
      "user32.dll",
      "Random text string",
      "Cunf",
      "pLZ)"
    ]
  },
  {
    "file_name": "benign_file_3.exe",
    "pe_header": {
      "TimeDateStamp": "-24698342",
      "Magic": "MZ",
      "NumberOfSections": "1",
      "Machine": "Unknown"
    },
    "strings": [
      "^XC*",
      "0R#!+6",
      "i3VPfe",
      ".rdata",
      ">;/'@",
      "This is a sample benign file.",
      "Microsoft Visual C++",
      "kernel32.dll",
      "user32.dll",
      "Random text string",
      "encrypt",
      "connect to tor:xyz1234.onion3",
      ";Slk",
      "%!ze"
    ]
  },
  {
    "file_name": "benign_file_4.exe",
    "pe_header": {
      "TimeDateStamp": "-1559108018",
      "Magic": "MZ",
      "NumberOfSections": "1",
      "Machine": "Unknown"
    },
    "strings": [
      "'7]MU",
      "+$Vv",
      "/|[j",
      "Weo%",
      ".rdata",
      "This is a sample benign file.",
      "Microsoft Visual C++",
      "kernel32.dll",
      "user32.dll",
      "Random text string",
      "H'|-"
    ]
  },
  {
    "file_name": "benign_file_5.exe",
    "pe_header": {
      "TimeDateStamp": "-1581054630",
      "Magic": "MZ",
      "NumberOfSections": "1",
      "Machine": "Unknown"
    },
    "strings": [
      "\"lS-",
      "q^mZM",
      "XM>!n~Zk6S0",
      "mlFY9",
      ".rdata",
      "P<)6",
      "4This is a sample benign file.",
      "Microsoft Visual C++",
      "kernel32.dll",
      "user32.dll",
      "Random text string",
      "N vs",
      "q`\\lZ-",
      "R])rR"
    ]
  },
  {
    "file_name": "benign_file_6.exe",
    "pe_header": {
      "TimeDateStamp": "1757082177",
      "Magic": "MZ",
      "NumberOfSections": "1",
      "Machine": "AMD64"
    },
    "strings": [
      "at0w>",
      "7BUn",
      "Qfxd",
      "j_;d9",
      ".rdata",
      "TThis is a sample benign file.",
      "Microsoft Visual C++",
      "kernel32.dll",
      "user32.dll",
      "Random text string"
    ]
  },
  {
    "file_name": "benign_file_7.exe",
    "pe_header": {
      "TimeDateStamp": "-469568729",
      "Magic": "MZ",
      "NumberOfSections": "1",
      "Machine": "Unknown"
    },
    "strings": [
      "MZ2X^)\\",
      "i[Cl",
      "v)[Eh",
      "/8bRk>T",
      "$-$H",
      "cq}G",
      ".rdata",
      ".{k~",
      "This is a sample benign file.",
      "Microsoft Visual C++",
      "kernel32.dll",
      "user32.dll",
      "Random text string",
      "encrypt",
      "connect to tor:xyz1234.onion@",
      "vqs!OHz&^",
      "gextKQ="
    ]
  },
  {
    "file_name": "benign_file_8.exe",
    "pe_header": {
      "TimeDateStamp": "139599838",
      "Magic": "MZ",
      "NumberOfSections": "1",
      "Machine": "Unknown"
    },
    "strings": [
      "MZR2Q",
      "W~+kHfm",
      "s]As",
      "]pr?",
      ".rdata",
      "BdL0",
      "This is a sample benign file.",
      "Microsoft Visual C++",
      "kernel32.dll",
      "user32.dll",
      "Random text string"
    ]
  },
  {
    "file_name": "benign_file_9.exe",
    "pe_header": {
      "TimeDateStamp": "1300472831",
      "Magic": "MZ",
      "NumberOfSections": "1",
      "Machine": "AMD64"
    },
    "strings": [
      "L09<",
      "-1Wk",
      "k<|d",
      "~P!t",
      "'[40",
      ".rdata",
      "_hXFq",
      "]V}B",
      "/t0W",
      ")bThis is a sample benign file.",
      "Microsoft Visual C++",
      "kernel32.dll",
      "user32.dll",
      "Random text string"
    ]
  }
]